HCODE,HNAME,LAT,LONG,TYPECODE,bed_count,doctor_count,nurse_count,phama_count,dentist_count,radiotech_count,pt_count,medtech_count,psychologist_count,publichealth_count,healthworker_count,dcode,SDcode,HTYPE
13693,ศูนย์บริการสาธารณสุข 50 บึงกุ่ม,13.77285,100.6554,T8,0,2,12,1,2,,1,,1,,19,1027,102701,ศูนย์บริการสาธารณสุข
21810,กรมแพทย์ทหารอากาศ,13.91089,100.6196,T8,0,22,129,46,4,,2,,,1,204,1042,104201,ศูนย์บริการสาธารณสุข
21809,กรมแพทย์ทหารเรือ,13.70943,100.4858,T9,0,17,157,2,15,,,,,,191,1015,101504,ศูนย์บริการสาธารณสุข
12449,กองพยาบาล กรมแผนที่ทหารกองบัญชากองทัพไทย,13.7606,100.5074,T8,0,4,5,3,4,1,1,2,,,20,1001,100101,ศูนย์บริการสาธารณสุข
23760,กองวัณโรค,13.70174,100.5131,T8,0,3,10,3,,,,12,,20,48,1031,103103,ศูนย์บริการสาธารณสุข
14966,กองเวชศาสตร์ป้องกัน กรมแพทย์ทหารอากาศ,13.91114,100.6188,T8,0,9,31,1,2,,,4,,7,54,1042,104201,ศูนย์บริการสาธารณสุข
22537,กองแพทย์ สำนักงานสนับสนุน หน่วยบัญชาการทหารพัฒนา,13.93763,100.5696,T8,0,10,9,4,13,,1,1,,,38,1036,103602,ศูนย์บริการสาธารณสุข
14131,กองแพทย์ โรงเรียนช่างฝีมือทหาร,13.83033,100.5731,T8,12,2,2,3,2,,,,,,9,1030,103001,ศูนย์บริการสาธารณสุข
12486,กองแพทย์บริษัทขนส่ง,13.81257,100.5479,T8,0,,,,,,,2,,,2,1030,103001,ศูนย์บริการสาธารณสุข
21434,คณะทันตแพทย์ศาสตร์ มหาลัยมหิดล,13.76259,100.5357,T8,11,,39,3,42,3,,,2,,89,1037,103702,ศูนย์วิชาการ
21437,คณะเทคนิคการแพทย์ มหาวิทยาลัยมหิดล,13.76308,100.4907,T8,0,2,,,,1,,48,,,51,1020,102004,ศูนย์วิชาการ
22036,คณะเภสัชศาสตร์ มหาลัยมหิดล,13.76093,100.5287,T8,0,,,1,,,,,,,1,1037,103702,ศูนย์วิชาการ
19506,คณะแพทยศาสตร์ จุฬาลงกรณ์มหาวิทยาลัย,13.74296,100.5365,T9,0,79,,,,,1,1,,,81,1007,100703,ศูนย์วิชาการ
44456,คลินิกกายภาพบำบัด มหาวิทยาลัยศรีนครินทรวิโรฒ,13.74463,100.5636,T8,0,,,,,,9,,,,9,1039,103901,ศูนย์บริการสาธารณสุข
22338,คลินิกการพยาบาลและการผดุงครรภ์ คณะพยาบาลศาสตร์ มหาวิทยาลัยมหิดล,13.75603,100.4819,T8,0,,140,,,,,,,,140,1020,102006,ศูนย์บริการสาธารณสุข
23220,คลีนิคนิรนาม ศูนย์วิจัยโรคเอดส์ สภากาชาดไทย,13.73451,100.5385,T8,0,2,6,1,,,,12,5,,26,1007,100703,ศูนย์บริการสาธารณสุข
15119,ทัณฑสถานบำบัดพิเศษกลาง,13.84068,100.5731,T8,0,,9,,,,,,,,9,1030,103001,ศูนย์บริการสาธารณสุข
15122,ทัณฑสถานหญิงธนบุรี,13.66889,100.4156,T8,0,,5,,,,,,1,,6,1050,105001,ศูนย์บริการสาธารณสุข
11468,ทัณฑสถานโรงพยาบาลราชทัณฑ์,13.84996,100.5549,T62,350,22,170,7,7,5,2,7,2,,222,1030,103001,โรงพยาบาล นอก สธ.
23781,นวมินทร์ 9โรงพยาบาลทั่วไปขนาดใหญ่,13.81129,100.7216,T7,245,35,176,16,,,5,13,,,245,1010,101001,โรงพยาบาลเอกชน
11595,นวมินทร์โรงพยาบาลทั่วไปขนาดใหญ่,13.81096,100.7217,T7,180,19,62,5,2,5,4,7,,3,107,1010,101001,โรงพยาบาลเอกชน
22524,ฝ่ายแพทย์หลวงพระบรมมหาราชวัง,13.75223,100.4919,T8,0,3,13,2,3,,3,,,,24,1001,100101,ศูนย์บริการสาธารณสุข
22523,ฝ่ายแพทย์หลวงสวนจิตรลดา,13.77208,100.5225,T8,20,17,46,5,6,,6,,,,80,1002,100203,ศูนย์บริการสาธารณสุข
40746,วิทยาลัยพยาบาลกองทัพบก,13.76888,100.5291,T9,0,,50,,,,,,,,50,1037,103701,ศูนย์วิชาการ
13706,วิทยาลัยพยาบาลบรมราชชนนี กรุงเทพ,13.76281,100.5364,T9,0,,17,,,,,,,,17,1037,103701,ศูนย์วิชาการ
13730,วิทยาลัยพยาบาลบรมราชชนนี นพรัตน์วชิระ กรุงเทพ,13.81917,100.6879,T9,0,,22,,,,,,,,22,1043,104301,ศูนย์วิชาการ
12444,วิทยาลัยแพทย์ศาสตร์พยาบาล พระมงกฏเกล้า,13.76734,100.5344,T9,0,64,11,1,,1,,7,,,84,1037,103702,ศูนย์บริการสาธารณสุข
28777,ศูนย์การแพทย์บางรัก,13.72086,100.5277,T8,0,4,20,3,,,,9,,2,38,1028,102802,ศูนย์บริการสาธารณสุข
22616,ศูนย์จักษุรักษาสวนจิตรลดา,13.77504,100.524,T8,0,,4,,,,,,,,4,1002,100203,โรงพยาบาล/ศูนย์บริการสาธารณสุข สาขา
13692,ศูนย์บริการสาธารณสุข 49 วัดชัยพฤกษมาลา,13.79505,100.4665,T8,0,4,20,1,1,,1,,1,6,34,1019,101902,ศูนย์บริการสาธารณสุข
13695,ศูนย์บริการสาธารณสุข 52 สามเสนนอก,13.7776,100.5703,T8,0,,11,,1,,1,,1,,14,1026,102601,ศูนย์บริการสาธารณสุข
13704,ศูนย์บริการสาธารณสุข 61 สังวาลย์ ทัสนารมย์,13.92845,100.6595,T8,0,1,11,1,1,,1,,2,2,19,1042,104203,ศูนย์บริการสาธารณสุข
13646,ศูนย์บริการสาธารณสุข 1 สะพานมอญ,13.74743,100.4966,T8,0,1,7,1,1,,1,,1,1,13,1001,100102,ศูนย์บริการสาธารณสุข
13656,ศูนย์บริการสาธารณสุข 11 ประดิพัทธ์,13.79243,100.5396,T8,0,1,11,1,2,,1,,1,,17,1014,101401,ศูนย์บริการสาธารณสุข
13657,ศูนย์บริการสาธารณสุข 12 จันทร์เที่ยง เนตรวิเศษ,13.69185,100.5078,T8,0,3,10,1,1,,1,,1,1,18,1031,103103,ศูนย์บริการสาธารณสุข
13659,ศูนย์บริการสาธารณสุข 14 แก้ว สีบุญเรือง,13.70937,100.5148,T8,0,2,9,1,1,,,,,,13,1031,103102,ศูนย์บริการสาธารณสุข
13660,ศูนย์บริการสาธารณสุข 15 ลาดพร้าว,13.80255,100.5844,T8,0,2,15,1,2,,,1,,,21,1017,101704,ศูนย์บริการสาธารณสุข
13663,ศูนย์บริการสาธารณสุข 18 มงคล วอนวังตาล,13.70015,100.5266,T8,0,2,8,1,1,,,,1,4,17,1031,103103,ศูนย์บริการสาธารณสุข
13664,ศูนย์บริการสาธารณสุข 19 วงศ์สว่าง,13.82701,100.5267,T8,0,7,19,3,2,2,3,,2,1,39,1029,102901,ศูนย์บริการสาธารณสุข
13647,ศูนย์บริการสาธารณสุข 2 วัดมักกะสัน,13.74912,100.5508,T8,0,1,11,1,2,,2,,1,1,19,1037,103704,ศูนย์บริการสาธารณสุข
13665,ศูนย์บริการสาธารณสุข 20 ธนาคารนครหลวงไทย,13.749,100.5135,T8,0,2,1,1,2,,1,,1,2,10,1008,100802,ศูนย์บริการสาธารณสุข
13666,ศูนย์บริการสาธารณสุข 21 วัดธาตุทอง,13.72003,100.5857,T8,0,2,18,1,3,1,1,1,4,1,32,1039,103903,ศูนย์บริการสาธารณสุข
13667,ศูนย์บริการสาธารณสุข 22 วัดปากบ่อ,13.71301,100.6316,T8,0,2,14,1,,,1,,2,,20,1034,103401,ศูนย์บริการสาธารณสุข
13668,ศูนย์บริการสาธารณสุข 23 สี่พระยา,13.73044,100.5203,T8,0,3,16,1,2,1,1,,3,,27,1004,100405,ศูนย์บริการสาธารณสุข
13669,ศูนย์บริการสาธารณสุข 24 บางเขน,13.8497,100.5812,T8,0,8,21,2,3,1,1,,3,2,41,1030,103001,ศูนย์บริการสาธารณสุข
13670,ศูนย์บริการสาธารณสุข 25 ห้วยขวาง,13.77694,100.5796,T8,0,2,12,1,2,,,,,,17,1017,101701,ศูนย์บริการสาธารณสุข
13671,ศูนย์บริการสาธารณสุข 26 เจ้าคุณพระประยูรวงศ์,13.73822,100.4958,T8,0,1,11,1,1,,,,,,14,1015,101501,ศูนย์บริการสาธารณสุข
13672,ศูนย์บริการสาธารณสุข 27 จันทร์ฉิมไพบูลย์,13.72182,100.4811,T8,0,1,13,1,1,,2,1,1,,20,1015,101503,ศูนย์บริการสาธารณสุข
13673,ศูนย์บริการสาธารณสุข 28 กรุงธนบุรี,13.75998,100.5168,T8,0,1,16,1,2,,,1,,,21,1018,101803,ศูนย์บริการสาธารณสุข
13674,ศูนย์บริการสาธารณสุข 29 ช่วง นุชเนตร,13.70514,100.4684,T8,0,3,15,1,3,,,1,1,3,27,1035,103502,ศูนย์บริการสาธารณสุข
13648,ศูนย์บริการสาธารณสุข 3 บางซื่อ,13.80241,100.5341,T8,0,2,21,1,2,,,,3,,29,1029,102901,ศูนย์บริการสาธารณสุข
13675,ศูนย์บริการสาธารณสุข 30 วัดเจ้าอาม,13.77307,100.4771,T8,0,1,12,1,1,,,,1,1,17,1020,102006,ศูนย์บริการสาธารณสุข
13676,ศูนย์บริการสาธารณสุข 31 เอิบ - จิตร ทังสุบุตร,13.79841,100.5084,T8,0,3,16,1,,1,,,1,,22,1025,102502,ศูนย์บริการสาธารณสุข
13677,ศูนย์บริการสาธารณสุข 32 มาริษ ตินตมุสิก,13.68461,100.6057,T8,0,,11,1,2,,,,,,14,1009,100905,ศูนย์บริการสาธารณสุข
13678,ศูนย์บริการสาธารณสุข 33 วัดหงส์รัตนาราม,13.7394,100.4888,T8,0,1,11,1,2,,1,,2,,18,1016,101601,ศูนย์บริการสาธารณสุข
13679,ศูนย์บริการสาธารณสุข 34 โพธิ์ศรี,13.69625,100.5979,T8,0,4,11,1,1,,1,,1,1,20,1009,100905,ศูนย์บริการสาธารณสุข
13680,ศูนย์บริการสาธารณสุข 35 หัวหมาก,13.75982,100.6395,T8,0,1,14,1,1,,1,,1,2,21,1006,100608,ศูนย์บริการสาธารณสุข
13681,ศูนย์บริการสาธารณสุข 36 บุคคโล,13.69588,100.4866,T8,0,1,11,1,2,,1,,1,1,18,1015,101504,ศูนย์บริการสาธารณสุข
13682,ศูนย์บริการสาธารณสุข 37 ประสงค์ -สุดสาคร,13.73573,100.6376,T8,0,2,12,1,1,,,,1,2,19,1034,103401,ศูนย์บริการสาธารณสุข
13683,ศูนย์บริการสาธารณสุข 38 จี๊ด-ทองคำบำเพ็ญ,13.78177,100.5185,T8,0,1,12,1,2,,,,,,16,1002,100206,ศูนย์บริการสาธารณสุข
13684,ศูนย์บริการสาธารณสุข 39 ราษฎร์บูรณะ,13.68094,100.5068,T8,0,1,13,1,1,,1,,1,1,19,1024,102401,ศูนย์บริการสาธารณสุข
13649,ศูนย์บริการสาธารณสุข 4 ดินแดง,13.76977,100.558,T8,0,2,20,1,1,1,,,3,,28,1026,102601,ศูนย์บริการสาธารณสุข
13685,ศูนย์บริการสาธารณสุข 40 บางแค,13.71047,100.4004,T8,0,2,17,2,3,,1,2,2,11,40,1040,104002,ศูนย์บริการสาธารณสุข
13686,ศูนย์บริการสาธารณสุข 41 คลองเตย,13.71485,100.5699,T8,0,3,14,1,2,,1,,2,2,25,1033,103301,ศูนย์บริการสาธารณสุข
13687,ศูนย์บริการสาธารณสุข 42 ถนอม ทองสิมา,13.66133,100.4351,T8,0,1,19,1,1,,,,1,5,28,1021,102107,ศูนย์บริการสาธารณสุข
13688,ศูนย์บริการสาธารณสุข 43 มีนบุรี,13.81334,100.7308,T8,0,2,13,1,2,,,,1,2,21,1010,101001,ศูนย์บริการสาธารณสุข
21526,ศูนย์บริการสาธารณสุข 44 ลำผักชี หนองจอก,13.80652,100.8467,T8,0,1,14,1,2,,,,,10,28,1003,100307,ศูนย์บริการสาธารณสุข
21755,ศูนย์บริการสาธารณสุข 45 ร่มเกล้า ลาดกระบัง,13.76208,100.7289,T8,0,2,12,1,1,,,,,2,18,1011,101102,ศูนย์บริการสาธารณสุข
13689,ศูนย์บริการสาธารณสุข 46 กันตารัติอุทิศ,13.72347,100.722,T8,0,1,16,1,1,,1,,1,5,26,1011,101101,ศูนย์บริการสาธารณสุข
13690,ศูนย์บริการสาธารณสุข 47 คลองขวาง,13.73892,100.4458,T8,0,2,12,1,1,,1,,1,2,20,1022,102208,ศูนย์บริการสาธารณสุข
13691,ศูนย์บริการสาธารณสุข 48 นาควัชระ อุทิศ,13.69741,100.3692,T8,0,1,17,1,1,,3,,2,2,27,1023,102302,ศูนย์บริการสาธารณสุข
13650,ศูนย์บริการสาธารณสุข 5 จุฬาลงกรณ์,13.74084,100.5253,T8,0,1,11,1,1,,1,,1,,16,1007,100702,ศูนย์บริการสาธารณสุข
13694,ศูนย์บริการสาธารณสุข 51 จตุจักร,13.79538,100.5484,T8,0,2,12,1,1,,2,,2,1,21,1030,103004,ศูนย์บริการสาธารณสุข
13696,ศูนย์บริการสาธารณสุข 53 ทุ่งสองห้อง,13.85706,100.5654,T8,0,1,13,2,,,1,,1,2,20,1041,104101,ศูนย์บริการสาธารณสุข
13697,ศูนย์บริการสาธารณสุข 54 ทัศน์เอี่ยม,13.6503,100.4886,T8,0,1,9,1,1,,,,,,12,1049,104901,ศูนย์บริการสาธารณสุข
13698,ศูนย์บริการสาธารณสุข 55 เดชะสัมพันธ์,13.68249,100.5484,T8,0,1,10,1,1,,1,,1,1,16,1012,101203,ศูนย์บริการสาธารณสุข
13699,ศูนย์บริการสาธารณสุข 56 ทับเจริญ,13.84016,100.5961,T8,0,1,12,1,2,,,,,,16,1027,102701,ศูนย์บริการสาธารณสุข
13700,ศูนย์บริการสาธารณสุข 57 บุญเรือง ล้ำเลิศ,13.67676,100.6626,T8,0,1,13,1,1,,,,,1,17,1032,103202,ศูนย์บริการสาธารณสุข
13701,ศูนย์บริการสาธารณสุข 58 ล้อม-พิมเสนฟักอุดม,13.67865,100.4959,T8,0,1,11,1,1,,,,,,14,1024,102402,ศูนย์บริการสาธารณสุข
13702,ศูนย์บริการสาธารณสุข 59 ทุ่งครุ,13.60719,100.5065,T8,0,4,13,1,1,,1,,,4,24,1049,104902,ศูนย์บริการสาธารณสุข
13651,ศูนย์บริการสาธารณสุข 6 สโมสรวัฒนธรรมหญิง,13.76008,100.5168,T8,0,1,1,1,1,,1,,1,2,8,1002,100204,ศูนย์บริการสาธารณสุข
13703,ศูนย์บริการสาธารณสุข 60 รสสุคนธ์ มโนชญากร,13.9254,100.5807,T8,0,1,13,1,2,,1,,1,4,23,1036,103602,ศูนย์บริการสาธารณสุข
13705,ศูนย์บริการสาธารณสุข 62 ตวงรัชฎ์ ศศะนาวิน,13.69536,100.4337,T8,0,1,11,1,1,,,,,1,15,1022,102201,ศูนย์บริการสาธารณสุข
14818,ศูนย์บริการสาธารณสุข 63 สมาคมแต้จิ๋วแห่งประเทศไทย,13.71233,100.5246,T8,0,1,7,1,1,,1,,1,2,14,1028,102801,ศูนย์บริการสาธารณสุข
22455,ศูนย์บริการสาธารณสุข 64 คลองสามวา,13.85803,100.7043,T8,0,2,16,1,,,,,,,19,1046,104603,ศูนย์บริการสาธารณสุข
21486,ศูนย์บริการสาธารณสุข 65 รักษาศุข บางบอน,13.64291,100.3782,T8,0,2,12,2,1,,1,,1,2,21,1050,105001,ศูนย์บริการสาธารณสุข
23229,ศูนย์บริการสาธารณสุข 67 ทวีวัฒนา,13.77315,100.3544,T8,0,2,15,1,1,,,,,5,24,1048,104801,ศูนย์บริการสาธารณสุข
23159,ศูนย์บริการสาธารณสุข 68 สะพานสูง,13.76939,100.6869,T8,0,2,12,1,1,,1,,1,1,19,1044,104401,ศูนย์บริการสาธารณสุข
41797,ศูนย์บริการสาธารณสุข 69 คันนายาว,13.79972,100.6836,T8,0,1,10,1,1,,1,,1,2,17,1043,104301,ศูนย์บริการสาธารณสุข
13652,ศูนย์บริการสาธารณสุข 7 บุญมี ปุรุราชรังสรรค์,13.79505,100.4665,T8,0,1,14,1,3,,2,,2,2,25,1012,101204,ศูนย์บริการสาธารณสุข
13653,ศูนย์บริการสาธารณสุข 8 บุญรอด รุ่งเรือง,13.67766,100.6154,T8,0,2,15,1,2,,,,,1,21,1047,104702,ศูนย์บริการสาธารณสุข
13654,ศูนย์บริการสาธารณสุข 9 ประชาธิปไตย,13.7614,100.5039,T8,0,2,15,1,1,,1,,2,,22,1001,100110,ศูนย์บริการสาธารณสุข
13655,ศูนย์บริการสาธารณสุข10 สุขุมวิท,13.72804,100.573,T8,0,2,12,2,1,,1,,1,,19,1033,103302,ศูนย์บริการสาธารณสุข
13658,ศูนย์บริการสาธารณสุข13 ไมตรีวานิช,13.73983,100.5057,T8,0,1,9,1,1,,1,,1,3,17,1013,101301,ศูนย์บริการสาธารณสุข
13661,ศูนย์บริการสาธารณสุข16 ลุมพินี,13.72733,100.5506,T8,0,2,14,1,2,,,,1,,20,1007,100704,ศูนย์บริการสาธารณสุข
13662,ศูนย์บริการสาธารณสุข17ประชานิเวศน์,13.83931,100.5464,T8,0,1,12,1,2,,,,,,16,1030,103001,ศูนย์บริการสาธารณสุข
21748,ศูนย์บริการสาธารณสุข66 ตำหนักพระแม่กวนอิม,13.81051,100.5948,T8,0,1,11,1,1,,1,,1,,16,1038,103801,ศูนย์บริการสาธารณสุข
12460,ศูนย์บริการโลหิตแห่งชาติ สภากาชาด,13.73262,100.5333,T8,0,4,177,16,,,,213,,,410,1007,100702,ศูนย์บริการสาธารณสุข
23369,ศูนย์ประสานความร่วมมือ ระหว่างไทย-ออสเตรเลีย-เนเธอร์แลนด์เพื่อการศึกษาวิจัยทางคลินิกด้านโรคเอดส์,13.73478,100.5383,T8,0,3,19,9,,,,8,,,39,1007,100703,ศูนย์บริการสาธารณสุข
21435,ศูนย์วิชาการคณะเภสัชศาสตร์ จุฬาลงกรณ์มหาวิทยาลัย,13.74404,100.531,T9,0,,,89,,,,,,,89,1007,100703,ศูนย์วิชาการ
12477,ศูนย์วิทยาศาสตร์การกีฬาคลินิกเวชกรรม,13.75689,100.6252,T8,0,1,6,,,,9,1,,,17,1006,100608,ศูนย์บริการสาธารณสุข
99827,ศูนย์สุขภาพชุมชนซอยสวนเงิน,13.77037,100.5318,T8,0,,5,,,,,,,,5,1037,103701,ศูนย์สุขภาพชุมชน ของ รพ. / เมือง (ศสม.)
23067,ศูนย์สุขภาพและบริการวิชาการสาธารณสุขและสิ่งแวดล้อมคณะสาธารณสุขศาสตร์ มหาลัยมหิดล,13.76647,100.5342,T8,0,1,,,,,,,,,1,1037,103701,ศูนย์บริการสาธารณสุข
99828,ศูนย์สุขภาพโรงพยาบาลสมเด็จพระปิ่นเกล้า,13.74497,100.4825,T8,0,4,7,1,,1,4,2,,,19,1020,102009,ศูนย์สุขภาพชุมชน ของ รพ. / เมือง (ศสม.)
24038,ศูนย์แพทย์ชุมชนธนบุรี โรงพยาบาลบ้านแพ้ว (องค์การมหาชน),13.70961,100.4876,T8,0,3,3,,2,,,,,,8,1015,101507,โรงพยาบาล/ศูนย์บริการสาธารณสุข สาขา
14174,ศูนย์แรกรับเด็กและเยาวชนบ้านเมตตา,13.89076,100.5673,T8,0,,1,,,,,,2,,3,1041,104102,ศูนย์บริการสาธารณสุข
23923,สถานพยาบาลกรมแพทย์ทหารบก,13.7601,100.5358,T8,0,21,31,12,6,,2,3,,,75,1037,103701,ศูนย์บริการสาธารณสุข
11466,สถานพยาบาลทัณฑสถานหญิงกลาง,13.84442,100.5569,T8,53,,7,,,,,,1,,8,1030,103001,ศูนย์บริการสาธารณสุข
12484,สถานพยาบาลธนาคารกรุงไทย,13.74311,100.553,T8,0,3,8,1,2,1,5,,,,20,1039,103901,ศูนย์บริการสาธารณสุข
11637,สถานพยาบาลนันอา,13.73159,100.495,T7,30,3,6,2,,,,2,,,13,1018,101801,โรงพยาบาลเอกชน
40754,สถานพยาบาลบางปะกอก9เวชกรรมทั่วไป,13.6816,100.4747,T7,138,62,161,10,6,7,6,23,,112,387,1024,102403,โรงพยาบาลเอกชน
11575,สถานพยาบาลผู้ป่วยเรื้อรังกว๋องสิวมูลนิธิ,13.7414,100.5107,T7,30,2,8,1,,,2,,,,13,1008,100801,โรงพยาบาลเอกชน
23957,สถานพยาบาลพระราม 3,13.68996,100.509,T7,10,3,7,2,,,,,,,12,1031,103101,โรงพยาบาลเอกชน
22340,สถานพยาบาลภัทรพิบาลเนอสซิ่งโฮม,13.7946,100.6072,T7,29,3,6,2,,,2,,,,13,1045,104501,โรงพยาบาลเอกชน
11711,สถานพยาบาลศูนย์มะเร็งกรุงเทพ,13.77882,100.5429,T7,30,5,7,2,,5,,,,,19,1014,101401,โรงพยาบาลเอกชน
12491,สถานพยาบาลอง์การเภสัชกรรม,13.76649,100.5287,T8,0,,3,,,,,,,,3,1037,103701,ศูนย์บริการสาธารณสุข
11571,สถานพยาบาลเจตนิน,13.74728,100.5444,T7,9,8,16,4,,,,17,9,,54,1007,100704,โรงพยาบาลเอกชน
24686,สถานพยาบาลเฉพาะทางอาชีวเวชศาสตร์อินเตอร์เมด,13.74094,100.4277,T7,0,1,3,1,,,,,,,5,1022,102207,โรงพยาบาลเอกชน
11689,สถานพยาบาลเดอะซีเนียร์,13.80929,100.5692,T7,30,,10,,,,,,,,10,1030,103001,โรงพยาบาลเอกชน
11467,สถานพยาบาลเรือนจำพิเศษกรุงเทพมหานคร,13.85086,100.5507,T8,40,2,8,1,,,,,1,,12,1030,103001,ศูนย์บริการสาธารณสุข
22740,สถานพยาบาลเรือนจำพิเศษมีนบุรี,13.81889,100.7335,T8,10,,4,,,,,,2,,6,1010,101001,ศูนย์บริการสาธารณสุข
22341,สถานพยาบาลเวชกรรมกรุงเทพอินเตอร์เนชั่นแนล,13.74864,100.5829,T7,30,5,69,6,,7,4,,,,91,1017,101702,โรงพยาบาลเอกชน
11734,สถานพยาบาลเวชกรรมบางปะกอก 2,13.67617,100.4296,T7,10,3,2,1,,1,,,,,7,1050,105001,โรงพยาบาลเอกชน
12489,สถานพยาบาลไปรษณีย์ไทย,13.88164,100.5715,T8,0,1,2,2,,,2,2,,,9,1041,104101,ศูนย์บริการสาธารณสุข
14947,สถานีกาชาดที่ 2 สุขุมาลอนามัย,13.75183,100.4973,T8,0,,8,,,,,,,,8,1001,100105,ศูนย์บริการสาธารณสุข
12463,สถานีกาชาดที่11 วิเศษนิยม,13.71245,100.4357,T8,0,10,8,,4,,,,,,22,1022,102201,ศูนย์บริการสาธารณสุข
12461,สถานเสาวภา สภากาชาดไทย,13.73234,100.5326,T8,0,3,8,17,,,,,,,28,1007,100703,ศูนย์บริการสาธารณสุข
11597,สถาบันกัลยาณ์ราชนครินทร์,13.76287,100.331,T6,250,12,81,4,2,1,1,1,1,19,122,1048,104801,โรงพยาบาล นอก สป.สธ.
12244,สถาบันจิตเวชศาสตร์สมเด็จเจ้าพระยา,13.7311,100.5049,T6,435,28,167,15,3,2,7,6,,37,265,1018,101801,โรงพยาบาล นอก สป.สธ.
12439,สถาบันประสาทวิทยา,13.7689,100.5272,T6,300,96,254,21,7,12,12,18,,13,433,1037,103701,โรงพยาบาล นอก สป.สธ.
14189,สถาบันป้องกันควบคุมโรคเขตเมือง,13.87223,100.596,T8,0,6,16,3,,1,,7,,47,80,1005,100502,ศูนย์บริการสาธารณสุข
12248,สถาบันพยาธิวิทยา,13.76521,100.5355,T8,0,20,,,,,,,,,20,1037,103701,ศูนย์บริการสาธารณสุข
12243,สถาบันพัฒนาสุขภาวะเขตเมือง,13.87232,100.5967,T6,0,,,,,,1,,,1,2,1005,100502,โรงพยาบาล นอก สป.สธ.
12250,สถาบันมะเร็งแห่งชาติ,13.76753,100.5275,T6,200,90,258,21,1,36,2,26,,28,462,1037,103701,โรงพยาบาล นอก สป.สธ.
12246,สถาบันราชานุกูล,13.76185,100.5552,T6,300,9,69,3,4,,7,2,,7,101,1026,102601,โรงพยาบาล นอก สป.สธ.
41789,สถาบันวิจัยวิทยาศาสตร์การแพทย์ทหาร,13.7647,100.5324,T8,0,4,4,,,,,11,,,19,1037,103701,ศูนย์บริการสาธารณสุข
14955,สถาบันสุขภาพจิตเด็กและวัยรุ่นราชนครินทร์,13.76612,100.5279,T8,0,7,16,2,,,,,13,10,48,1037,103701,ศูนย์บริการสาธารณสุข
12438,สถาบันสุขภาพเด็กแห่งชาติมหาราชินี,13.76573,100.5352,T6,433,121,502,34,13,11,8,39,,37,765,1037,103701,โรงพยาบาล นอก สป.สธ.
14965,สถาบันเวชศาสตร์การบินกองทัพอากาศ,13.91049,100.6178,T8,0,24,65,3,3,1,,5,,,101,1042,104201,ศูนย์บริการสาธารณสุข
12249,สถาบันโรคผิวหนัง,13.76568,100.5358,T6,43,74,60,18,,1,4,14,,39,210,1037,103701,โรงพยาบาล นอก สป.สธ.
21436,สำนักการแพทย์ กรุงเทพมหานคร,13.74656,100.5086,T9,0,1,48,,,,,,,26,75,1008,100801,ศูนย์วิชาการ
14953,สำนักงานบรรเทาทุกข์และประชานามัยพิทักษ์,13.7324,100.5327,T8,32,18,141,2,9,,6,2,,,178,1007,100703,ศูนย์บริการสาธารณสุข
24085,สำนักงานวิจัยการแพทย์แผนไทย,13.74977,100.5155,T6,0,13,,4,,,,1,,1,19,1008,100803,ศูนย์บริการสาธารณสุข
12394,สำนักงานแพทย์ กรมทางหลวง,13.76119,100.5239,T8,0,,4,,,1,,,,,5,1037,103701,ศูนย์บริการสาธารณสุข
22536,สำนักงานแพทย์ทหาร,13.83038,100.532,T8,0,18,20,7,12,,2,3,,,62,1041,104101,ศูนย์บริการสาธารณสุข
12499,สำนักอนามัยกรุงเทพมหานคร,13.77074,100.554,T9,0,42,423,35,45,,1,1,15,31,593,1026,102601,ศูนย์วิชาการ
12488,สำนักแพทย์ การท่าอากาศยานไทยจำกัด,13.92715,100.6036,T8,0,20,48,6,,,,1,,,75,1036,103601,ศูนย์บริการสาธารณสุข
11533,สำนักแพทย์และอนามัยการท่าเรือแห่งประเทศไทย,13.71507,100.566,T8,0,14,5,,1,,5,,,,25,1033,103301,ศูนย์บริการสาธารณสุข
23766,หน่วยปฏิบัติการบริการวิทยาศาสตร์สุขภาพ คณะสหเวชศาสตร์ จุฬาลงการมหาวิทยาลัย,13.74413,100.5286,T8,0,,,,,,,5,,,5,1007,100703,ศูนย์บริการสาธารณสุข
15120,เรือนจำพิเศษธนบุรี,13.64711,100.3861,T8,22,,7,,,,,,2,,9,1050,105001,ศูนย์บริการสาธารณสุข
22538,แผนกพยาบาล กอง 11 ศูนย์รักษาความปลอดภัย กองบัญชาการทหารสูงสุด,13.86609,100.6122,T8,0,2,3,3,4,,2,,,,14,1005,100502,ศูนย์บริการสาธารณสุข
12451,แผนกพยาบาลโรงงานเภสัชกรรมทหาร ฯ,13.70892,100.588,T8,0,,,44,,,,,,,44,1033,103301,ศูนย์บริการสาธารณสุข
14967,แผนกแพทย์ กรมช่างอากาศ,13.7938,100.5316,T8,0,2,4,1,1,,,,,,8,1002,100201,ศูนย์บริการสาธารณสุข
14968,แผนกแพทย์โรงเรียนนายเรืออากาศ,13.92003,100.6254,T8,6,5,3,2,1,1,,,1,,13,1042,104201,ศูนย์บริการสาธารณสุข
11627,โกลเด้นเยียร์สถานพยาบาลผู้ป่วยเรื้อรัง,13.78895,100.5771,T7,60,4,15,3,,2,3,2,,,29,1017,101704,โรงพยาบาลเอกชน
24560,โครงการบริการด้านการแพทย์แผนไทยประยุกต์-ศิริราช,13.75775,100.4853,T8,0,,,1,,,,,,,1,1020,102004,ศูนย์บริการสาธารณสุข
11667,โรงพยาบาล ไอเอ็มเอช ธนบุรี โรงพยาบาลทั่วไปขนาดใหญ่,13.67773,100.4986,T7,100,11,34,3,1,3,2,4,,12,70,1024,102402,โรงพยาบาลเอกชน
11552,โรงพยาบาล ไอเอ็มเอช สีลม โรงพยาบาลทั่วไปขนาดใหญ่,13.72526,100.5194,T7,132,9,39,10,1,6,7,7,,,79,1004,100403,โรงพยาบาลเอกชน
11630,โรงพยาบาลกรุงเทพ,13.74845,100.5832,T7,263,310,486,39,,28,18,13,4,,898,1017,101702,โรงพยาบาลเอกชน
11548,โรงพยาบาลกรุงเทพคริสเตียน,13.74816,100.5151,T7,206,98,349,23,5,9,12,20,,,516,1004,100403,โรงพยาบาลเอกชน
41929,โรงพยาบาลกรุงเทพอินเตอร์เนชั่นแนล โรงพยาบาลเฉพาะทางขนาดใหญ่ ด้านสมองและกระดูก,13.75021,100.5841,T7,172,66,169,17,,10,12,8,,,282,1017,101702,โรงพยาบาลเอกชน
11537,โรงพยาบาลกลาง,13.74635,100.5093,T62,483,132,579,24,10,13,14,27,,2,801,1008,100801,โรงพยาบาล นอก สธ.
11583,โรงพยาบาลกล้วยน้ำไท,13.71418,100.5878,T7,160,22,80,11,,5,4,8,1,12,143,1033,103303,โรงพยาบาลเอกชน
14908,โรงพยาบาลการุญเวช สุขาภิบาล3,13.7753,100.6739,T7,139,21,72,10,1,3,2,8,,5,122,1044,104401,โรงพยาบาลเอกชน
77665,โรงพยาบาลการแพทย์แผนไทยและการแพทย์ผสมผสาน,13.74963,100.5161,T6,5,2,3,2,,,,1,,14,22,1008,100803,โรงพยาบาล นอก สป.สธ.
11531,โรงพยาบาลการไฟฟ้านครหลวง,13.78695,100.5099,T62,80,6,33,5,4,1,3,3,,,55,1002,100206,โรงพยาบาล นอก สธ.
15199,โรงพยาบาลคณะทันตแพทย์ศาสตร์ จุฬาลงกรณ์มหาวิทยาลัย,13.7418,100.5345,T62,40,4,31,4,145,1,,2,,,187,1007,100703,โรงพยาบาล นอก สธ.
22155,โรงพยาบาลครู,13.76637,100.5074,T62,0,,4,3,1,,2,,,,10,1002,100201,โรงพยาบาล นอก สธ.
11626,โรงพยาบาลคลองตัน,13.74197,100.5948,T7,28,6,16,3,,2,,2,,,29,1017,101702,โรงพยาบาลเอกชน
41522,โรงพยาบาลคลองสามวา,13.87361,100.7351,T62,0,2,13,1,1,1,,1,,,19,1046,104602,โรงพยาบาล นอก สธ.
11697,โรงพยาบาลคามิลเลียน,13.73927,100.5841,T7,120,16,56,4,,3,4,6,,,89,1039,103902,โรงพยาบาลเอกชน
11694,โรงพยาบาลจักษุ รัตนินโรงพยาบาลเฉพาะทางขนาดเล็ก,13.74619,100.5628,T7,12,15,39,5,,,,4,,,63,1039,103901,โรงพยาบาลเอกชน
22737,โรงพยาบาลจุฬาภรณ์,13.87854,100.5768,T62,121,352,570,42,25,58,31,34,3,1,1116,1041,104101,โรงพยาบาล นอก สธ.
13756,โรงพยาบาลจุฬาลงกรณ์สภากาชาดไทย,13.73071,100.5364,T62,1442,332,2503,141,14,167,44,100,17,,3318,1007,100702,โรงพยาบาล นอก สธ.
41937,โรงพยาบาลชีวา ทรานสิชั่นนัล แคร์ โรงพยาบาลเฉพาะประเภทผู้ป่วยเรื้อรังขนาดกลาง,13.75044,100.5833,T7,52,2,27,5,,4,5,5,,,48,1017,101702,โรงพยาบาลเอกชน
21673,โรงพยาบาลซีจีเอช สายไหม โรงพยาบาลทั่วไปขนาดใหญ่,13.92398,100.6838,T7,100,20,104,12,,4,3,9,,,152,1042,104201,โรงพยาบาลเอกชน
11558,โรงพยาบาลซีจีเอชโรงพยาบาลทั่วไปขนาดใหญ่,13.88943,100.6059,T7,92,27,126,8,,4,3,11,,22,201,1005,100502,โรงพยาบาลเอกชน
11677,โรงพยาบาลตา หู คอ จมูก,13.78755,100.4706,T7,30,25,9,3,2,1,,2,,,42,1025,102503,โรงพยาบาลเอกชน
11539,โรงพยาบาลตากสิน,13.73074,100.508,T62,420,178,618,53,15,14,9,40,2,4,933,1018,101802,โรงพยาบาล นอก สธ.
14173,โรงพยาบาลตำรวจ,13.74336,100.5394,T62,574,402,1076,66,31,26,38,52,15,,1706,1007,100703,โรงพยาบาล นอก สธ.
11477,โรงพยาบาลทหารผ่านศึก,13.77215,100.5519,T62,258,107,132,13,12,3,13,14,3,,297,1014,101401,โรงพยาบาล นอก สธ.
41414,โรงพยาบาลทหารอากาศ (สีกัน),13.94139,100.5814,T62,130,55,89,5,2,1,6,4,,,162,1036,103602,โรงพยาบาล นอก สธ.
11479,โรงพยาบาลทหารเรือกรุงเทพ,13.67049,100.5878,T62,40,20,80,5,9,,8,4,,,126,1047,104702,โรงพยาบาล นอก สธ.
44097,โรงพยาบาลทั่วไปขนาดกลาง โรงพยาบาลรามคำแหง 2,13.7924,100.7024,T7,69,24,59,8,,3,1,7,,,102,1044,104402,โรงพยาบาลเอกชน
11641,โรงพยาบาลทั่วไปขนาดกลางโรงพยาบาลวิชัยเวช แยกไฟฉาย,13.75588,100.4696,T7,43,4,11,3,,1,3,3,,,25,1020,102005,โรงพยาบาลเอกชน
11706,โรงพยาบาลทั่วไปขนาดเล็กพีเอ็มจีบางขุนเทียน,13.6816,100.4653,T7,15,2,6,1,,1,,,,2,12,1035,103502,โรงพยาบาลเอกชน
41072,โรงพยาบาลทั่วไปขนาดเล็กสหวิทยาการมะลิ,13.67291,100.4217,T7,31,12,30,6,,3,2,4,,6,63,1050,105001,โรงพยาบาลเอกชน
11647,โรงพยาบาลทั่วไปขนาดใหญ่ พีเอ็มจี,13.65136,100.422,T7,109,11,40,9,1,3,3,5,,,72,1021,102107,โรงพยาบาลเอกชน
41700,โรงพยาบาลทั่วไปขนาดใหญ่ สินแพทย์ ศรีนครินทร์,13.67834,100.6486,T7,110,23,118,7,,5,5,6,,,164,1032,103202,โรงพยาบาลเอกชน
11645,โรงพยาบาลทั่วไปขนาดใหญ่ธนบุรี,13.75251,100.4795,T7,435,93,462,28,3,14,23,23,,,646,1020,102005,โรงพยาบาลเอกชน
11640,โรงพยาบาลทั่วไปขนาดใหญ่ธนบุรี ทวีวัฒนา,13.78345,100.4009,T7,95,27,125,15,,4,6,,,,177,1048,104802,โรงพยาบาลเอกชน
42141,โรงพยาบาลทั่วไปขนาดใหญ่นวเวช,13.81708,100.6435,T7,88,41,90,12,2,5,3,,,,153,1027,102705,โรงพยาบาลเอกชน
25015,โรงพยาบาลทั่วไปขนาดใหญ่มิตรประชา,13.71085,100.4198,T7,148,11,28,4,1,,4,6,,14,68,1022,102201,โรงพยาบาลเอกชน
11714,โรงพยาบาลทั่วไปขนาดใหญ่วิชัยยุทธ,13.78013,100.5321,T7,207,109,326,27,7,23,42,23,,,557,1014,101406,โรงพยาบาลเอกชน
11582,โรงพยาบาลทั่วไปขนาดใหญ่ศิครินทร์,13.65388,100.6457,T7,354,111,395,39,3,,21,38,,,607,1047,104703,โรงพยาบาลเอกชน
23930,โรงพยาบาลทั่วไปขนาดใหญ่ศูนย์การแพทย์วิชัยยุทธ,13.77999,100.532,T7,114,109,326,27,7,23,42,23,,,557,1014,101406,โรงพยาบาลเอกชน
11560,โรงพยาบาลทั่วไปขนาดใหญ่เปาโล เกษตร,13.83541,100.5742,T7,162,48,137,16,3,,6,,,,210,1030,103002,โรงพยาบาลเอกชน
41577,โรงพยาบาลธนบุรี บำรุงเมือง โรงพยาบาลทั่วไปขนาดกลาง,13.75043,100.5143,T7,127,30,114,8,4,,7,,,,163,1008,100803,โรงพยาบาลเอกชน
11648,โรงพยาบาลนครธน,13.66078,100.4694,T7,150,60,,,,,,,,,60,1021,102107,โรงพยาบาลเอกชน
11470,โรงพยาบาลนพรัตนราชธานี,13.81546,100.6873,T6,545,130,598,33,7,10,11,30,,23,842,1043,104301,โรงพยาบาล นอก สป.สธ.
77468,โรงพยาบาลนพรัตนราชธานี คุ้มเกล้า,13.80733,100.7823,T8,0,12,68,13,,1,,7,,,101,1010,101002,โรงพยาบาล/ศูนย์บริการสาธารณสุข สาขา
23762,โรงพยาบาลนวุติสมเด็จย่า,13.78424,100.5461,T62,0,4,8,2,2,,,,,1,17,1014,101401,โรงพยาบาล นอก สธ.
11592,โรงพยาบาลบางนา1,13.66703,100.6356,T7,101,11,44,5,1,1,3,5,,,70,1047,104703,โรงพยาบาลเอกชน
41582,โรงพยาบาลบางนากรุงเทพมหานคร,13.6801,100.5923,T62,0,3,13,1,1,1,1,1,,1,22,1047,104702,โรงพยาบาล นอก สธ.
11670,โรงพยาบาลบางปะกอก 1,13.67925,100.4989,T7,103,28,85,7,1,6,1,8,,,136,1024,102402,โรงพยาบาลเอกชน
15147,โรงพยาบาลบางปะกอก 8 โรงพยาบาลทั่วไปขนาดใหญ่,13.66337,100.4068,T7,92,27,126,8,,4,3,11,,22,201,1050,105005,โรงพยาบาลเอกชน
21339,โรงพยาบาลบางปะกอก 9 อินเตอร์เนชั่นแนล,13.68155,100.4746,T7,173,55,181,9,4,12,10,23,,62,356,1035,103503,โรงพยาบาลเอกชน
44460,โรงพยาบาลบางปะกอกอายุรเวช โรงพยาบาลเฉพาะประเภทผู้ป่วยขนาดกลาง,13.67954,100.499,T7,49,9,32,3,,2,,,,,46,1024,102402,โรงพยาบาลเอกชน
11708,โรงพยาบาลบางมดโรงพยาบาลทั่วไปขนาดใหญ่,13.67201,100.4564,T7,203,15,88,14,1,9,9,19,,,155,1035,103503,โรงพยาบาลเอกชน
11686,โรงพยาบาลบางโพ,13.80656,100.5235,T7,100,20,60,4,,5,10,7,,,106,1029,102901,โรงพยาบาลเอกชน
11621,โรงพยาบาลบางไผ่,13.72487,100.4654,T7,100,13,31,5,1,2,2,4,,,58,1022,102209,โรงพยาบาลเอกชน
11699,โรงพยาบาลบำรุงราษฎร์,13.74622,100.5524,T7,481,336,1054,114,12,115,79,82,,,1792,1039,103901,โรงพยาบาลเอกชน
11546,โรงพยาบาลบี เอ็น เอช,13.72521,100.5347,T7,86,84,202,10,3,7,6,,,,312,1004,100402,โรงพยาบาลเอกชน
14572,โรงพยาบาลบี.แคร์.เมดิคอลเซ็นเตอร์,13.94392,100.6245,T7,136,33,153,14,2,4,8,14,,,228,1042,104201,โรงพยาบาลเอกชน
41580,โรงพยาบาลบุญญาเวช โรงพยาบาลทั่วไปขนาดเล็ก,13.71244,100.426,T7,29,3,24,2,,,,2,,,31,1040,104002,โรงพยาบาลเอกชน
11534,โรงพยาบาลบุรฉัตรไชยากร (รถไฟ),13.7521,100.5517,T62,60,6,9,1,,1,,1,,,18,1037,103704,โรงพยาบาล นอก สธ.
22614,โรงพยาบาลบ้านแพ้ว สาขาพร้อมมิตร,13.73328,100.5736,T8,54,10,33,3,,,3,4,,8,61,1039,103902,โรงพยาบาล นอก สธ.
11632,โรงพยาบาลปิยะเวท,13.75379,100.5799,T7,126,52,152,9,1,11,18,11,,5,259,1017,101702,โรงพยาบาลเอกชน
28846,โรงพยาบาลผิวหนัง อโศกสาขาปิ่นเกล้า,13.78211,100.4732,T7,10,4,2,2,,,,,,,8,1020,102009,โรงพยาบาลเอกชน
23956,โรงพยาบาลผิวหนังอโศก,13.7507,100.5641,T7,9,13,3,2,,,,1,,,19,1017,101702,โรงพยาบาลเอกชน
41865,โรงพยาบาลผู้ป่วยเรื้อรังภัสรพิบาลเนอสซิ่งโฮมขนาดเล็ก,13.79467,100.6073,T7,29,3,6,2,,,2,,,,13,1045,104502,โรงพยาบาลเอกชน
14578,โรงพยาบาลผู้ป่วยเรื้อรังศุขเวชขนาดเล็ก,13.75808,100.6095,T7,9,2,8,1,,,1,1,,,13,1045,104504,โรงพยาบาลเอกชน
11581,โรงพยาบาลผู้สูงอายุขนาดกลางกล้วยน้ำไท 2,13.67706,100.6069,T7,90,6,21,5,1,3,7,4,,6,53,1047,104701,โรงพยาบาลเอกชน
25060,โรงพยาบาลผู้สูงอายุบางขุนเทียน,13.57378,100.4237,T62,64,20,51,6,3,1,4,5,,2,92,1021,102105,โรงพยาบาล นอก สธ.
11715,โรงพยาบาลพญาไท 1,13.75665,100.5394,T7,174,95,251,29,8,20,17,17,,,437,1037,103702,โรงพยาบาลเอกชน
11609,โรงพยาบาลพญาไท 2,13.76969,100.5406,T7,260,138,362,39,8,32,27,,,,606,1014,101401,โรงพยาบาลเอกชน
14574,โรงพยาบาลพญาไท 3,13.72326,100.4636,T7,230,100,349,29,4,25,25,9,,,541,1022,102209,โรงพยาบาลเอกชน
24037,โรงพยาบาลพญาไท นวมินทร์,13.81474,100.6676,T7,140,45,139,20,1,,13,,,,218,1027,102701,โรงพยาบาลเอกชน
11481,โรงพยาบาลพระมงกุฎเกล้า,13.76728,100.5343,T62,1024,315,827,45,16,15,23,53,6,,1300,1037,103701,โรงพยาบาล นอก สธ.
11628,โรงพยาบาลพระราม 9,13.75342,100.5708,T7,204,129,421,35,3,29,11,21,,,649,1017,101702,โรงพยาบาลเอกชน
42224,โรงพยาบาลฟันขนาดเล็ก,13.71387,100.6013,T7,2,,5,1,3,,,,,,9,1039,103903,โรงพยาบาลเอกชน
11482,โรงพยาบาลภูมิพลอดุลยเดช,13.90964,100.6172,T62,579,147,782,76,18,13,30,47,4,,1117,1042,104203,โรงพยาบาล นอก สธ.
11722,โรงพยาบาลมงกุฏวัฒนะ,13.89344,100.5617,T7,224,73,283,17,,9,7,20,,,409,1041,104101,โรงพยาบาลเอกชน
23780,โรงพยาบาลมนารมย์,13.66485,100.6024,T7,30,5,20,10,,,3,2,,,40,1047,104703,โรงพยาบาลเอกชน
11543,โรงพยาบาลมิชชั่น,13.75817,100.5194,T7,120,23,88,8,6,3,4,5,,,137,1002,100204,โรงพยาบาลเอกชน
11676,โรงพยาบาลยันฮี,13.79975,100.5117,T7,400,109,296,17,27,9,12,9,,,479,1025,102502,โรงพยาบาลเอกชน
43466,โรงพยาบาลรวมใจรักษ์โรงพยาบาลทั่วไปขนาดใหญ่,13.6935,100.5995,T7,100,33,121,10,2,6,5,4,,,181,1009,100910,โรงพยาบาลเอกชน
11614,โรงพยาบาลรัชดา-ท่าพระโรงพยาบาลทั่วไปขนาดเล็ก,13.71725,100.4777,T7,25,2,6,1,,,,,,,9,1015,101505,โรงพยาบาลเอกชน
14641,โรงพยาบาลราชพิพัฒน์,13.73042,100.3669,T62,441,57,171,9,3,5,5,9,1,,260,1040,104003,โรงพยาบาล นอก สธ.
11472,โรงพยาบาลราชวิถี,13.76403,100.536,T6,1055,368,1244,81,19,38,26,70,,49,1895,1037,103701,โรงพยาบาล นอก สป.สธ.
11565,โรงพยาบาลรามคำแหง,13.7615,100.6363,T7,486,85,424,39,4,16,14,30,,,612,1006,100608,โรงพยาบาลเอกชน
13781,โรงพยาบาลรามาธิบดี มหาวิทยาลัยมหิดล,13.76602,100.5269,T62,1078,980,3278,226,29,154,44,169,6,,4886,1037,103702,โรงพยาบาล นอก สธ.
11669,โรงพยาบาลราษฏร์บูรณะ,13.67824,100.5023,T7,110,19,48,5,,5,4,8,,,89,1024,102402,โรงพยาบาลเอกชน
11538,โรงพยาบาลลาดกระบังกรุงเทพมหานคร,13.72254,100.7841,T62,60,36,110,10,6,2,4,8,1,,177,1011,101101,โรงพยาบาล นอก สธ.
11729,โรงพยาบาลลาดพร้าว,13.77854,100.6235,T7,180,63,165,19,1,9,16,20,,,293,1045,104503,โรงพยาบาลเอกชน
11535,โรงพยาบาลวชิรโรงพยาบาล คณะแพทย์ศาสตร์วชิรพยาบาล มหาวิทยาลัยนวมินทราธิราช,13.78062,100.5089,T62,740,375,1160,50,17,20,17,43,1,1,1684,1002,100202,โรงพยาบาล นอก สธ.
22342,โรงพยาบาลวัฒโนสถ,13.74863,100.5828,T7,47,34,106,16,,7,,5,,,168,1017,101702,โรงพยาบาลเอกชน
11661,โรงพยาบาลวิชัยเวช อินเตอร์เนชั่นแนล หนองแขม,13.70731,100.3607,T7,118,18,107,7,1,4,4,7,,17,165,1023,102303,โรงพยาบาลเอกชน
14577,โรงพยาบาลวิภาราม,13.73506,100.6447,T7,150,82,316,25,2,10,9,24,1,8,477,1034,103403,โรงพยาบาลเอกชน
11691,โรงพยาบาลวิภาวดี,13.84674,100.5629,T7,258,89,300,31,8,8,13,18,,,467,1030,103001,โรงพยาบาลเอกชน
42167,โรงพยาบาลวิมุตโรงพยาบาลทั่วไปขนาดใหญ่,13.78885,100.549,T7,89,26,108,13,2,6,7,7,,1,170,1014,101401,โรงพยาบาลเอกชน
11559,โรงพยาบาลศณิสา โรงพยาบาลทั่วไปขนาดเล็ก,13.85456,100.5525,T7,30,1,6,1,,,,,,2,10,1041,104101,โรงพยาบาลเอกชน
43783,โรงพยาบาลศรีสวรรค์ กรุงเทพมหานคร โรงพยาบาลทั่วไปขนาดกลาง,13.78722,100.4436,T7,52,14,65,5,,2,3,3,,,92,1019,101902,โรงพยาบาลเอกชน
13814,โรงพยาบาลศิริราช,13.75888,100.4851,T62,2085,1117,4087,239,20,172,74,181,13,,5903,1020,102004,โรงพยาบาล นอก สธ.
11471,โรงพยาบาลสงฆ์,13.76199,100.5265,T6,279,44,156,12,10,4,5,4,1,7,243,1037,103701,โรงพยาบาล นอก สป.สธ.
24923,โรงพยาบาลสถาบันโรคไตภูมิราชนครินทร์,13.75937,100.5349,T7,48,27,120,5,,,,16,,,168,1037,103702,โรงพยาบาลเอกชน
11811,โรงพยาบาลสมิติเวช,13.73476,100.5769,T7,196,214,405,33,6,20,14,,,,692,1039,103902,โรงพยาบาลเอกชน
11704,โรงพยาบาลสมิติเวช ศรีนครินทร์โรงพยาบาลทั่วไปขนาดใหญ่,13.74836,100.6384,T7,154,123,370,14,4,9,17,,6,,543,1034,103401,โรงพยาบาลเอกชน
11616,โรงพยาบาลสมิติเวชธนบุรี,13.7138,100.4892,T7,140,29,110,7,1,4,4,,,,155,1015,101507,โรงพยาบาลเอกชน
40856,โรงพยาบาลสมิติเวชไชน่าทาวน์โรงพยาบาลทั่วไปขนาดกลาง,13.73726,100.513,T7,31,11,36,5,,,3,,,,55,1013,101302,โรงพยาบาลเอกชน
11478,โรงพยาบาลสมเด็จพระปิ่นเกล้า,13.71017,100.4874,T62,412,157,657,22,23,,15,,,,874,1015,101504,โรงพยาบาล นอก สธ.
11532,โรงพยาบาลสวนเบญจกิติเฉลิมพระเกียรติ84พรรษา,13.72472,100.5539,T62,60,10,60,2,3,2,2,7,,,86,1033,103301,โรงพยาบาล นอก สธ.
15260,โรงพยาบาลสินแพทย์,13.83438,100.6659,T7,287,85,263,23,5,16,18,20,,,430,1043,104301,โรงพยาบาลเอกชน
15049,โรงพยาบาลสิรินธร,13.7174,100.7068,T62,318,92,436,46,20,8,10,28,,1,641,1032,103201,โรงพยาบาล นอก สธ.
11668,โรงพยาบาลสุขสวัสดิ์อินเตอร์โรงพยาบาลทั่วไปขนาดใหญ่,13.67606,100.5012,T7,100,9,19,2,1,2,1,3,,3,40,1024,102402,โรงพยาบาลเอกชน
11591,โรงพยาบาลสุขุมวิท,13.71904,100.5874,T7,145,44,121,12,1,7,11,8,,,204,1039,103903,โรงพยาบาลเอกชน
11540,โรงพยาบาลหลวงพ่อทวีศักดิ์ฯ ชุตินธโร อุทิศ,13.65671,100.3453,T62,154,33,120,7,4,2,4,6,1,,177,1023,102302,โรงพยาบาล นอก สธ.
11750,โรงพยาบาลหัวเฉียวโรงพยาบาลทั่วไปขนาดใหญ่,13.73765,100.5116,T7,338,93,166,26,10,3,12,14,1,,325,1008,100803,โรงพยาบาลเอกชน
21597,โรงพยาบาลหัวใจกรุงเทพ,13.74816,100.5832,T7,26,46,131,7,,3,,4,,,191,1017,101702,โรงพยาบาลเอกชน
42183,โรงพยาบาลอินทรารัตน์โรงพยาบาลทั่วไปขนาดกลาง,13.83016,100.6697,T7,82,18,40,4,,,2,5,,,69,1043,104301,โรงพยาบาลเอกชน
11656,โรงพยาบาลเกษมราษฎร์ บางแค,13.71017,100.3988,T7,311,41,100,16,1,3,3,14,,8,186,1040,104002,โรงพยาบาลเอกชน
41556,โรงพยาบาลเกษมราษฎร์ รามคำแหงโรงพยาบาลทั่วไปขนาดใหญ่,13.77909,100.6767,T7,120,28,87,9,2,4,3,10,,4,147,1044,104401,โรงพยาบาลเอกชน
11687,โรงพยาบาลเกษมราษฎร์ประชาชื่น,13.8316,100.5391,T7,255,44,167,11,1,4,4,9,,8,248,1029,102902,โรงพยาบาลเอกชน
11541,โรงพยาบาลเจริญกรุงประชารักษ์,13.70037,100.5004,T62,471,147,631,22,9,8,11,25,,4,857,1031,103101,โรงพยาบาล นอก สธ.
11644,โรงพยาบาลเจ้าพระยา,13.78083,100.4706,T7,150,64,169,17,6,8,12,13,,,289,1020,102005,โรงพยาบาลเอกชน
11600,โรงพยาบาลเซนต์หลุยส์,13.71876,100.5252,T7,387,47,410,26,4,14,20,21,,,542,1028,102802,โรงพยาบาลเอกชน
44366,โรงพยาบาลเดอะซีพลัส ประเวศ โรงพยาบาลทั่วไปขนาดเล็ก,13.69942,100.6778,T7,19,1,6,1,,,1,1,,6,16,1032,103203,โรงพยาบาลเอกชน
22339,โรงพยาบาลเดอะซีเนียน์ สาขารัชดาภิเษก,13.82744,100.5746,T7,59,1,10,,,,7,,,,18,1030,103001,โรงพยาบาลเอกชน
11723,โรงพยาบาลเด็กสินแพทย์,13.83416,100.6654,T7,59,20,74,12,,3,,2,,,111,1043,104301,โรงพยาบาลเอกชน
11720,โรงพยาบาลเทพธารินทร์,13.71433,100.5771,T7,80,25,191,7,1,7,5,,,,236,1033,103303,โรงพยาบาลเอกชน
11603,โรงพยาบาลเทียนฟ้ามูลนิธิโรงพยาบาลทั่วไปขนาดกลาง,13.73811,100.5121,T7,60,3,9,3,1,2,1,2,,,21,1013,101302,โรงพยาบาลเอกชน
11607,โรงพยาบาลเปาโลเมโมเรียล,13.79185,100.5483,T7,220,69,242,19,9,17,21,,,,377,1014,101401,โรงพยาบาลเอกชน
11721,โรงพยาบาลเปาโลเมโมเรียล โชคชัย 4,13.80188,100.5962,T7,140,37,209,34,1,10,10,,,,301,1038,103801,โรงพยาบาลเอกชน
11629,โรงพยาบาลเพชรเวช,13.74267,100.5947,T7,200,34,123,8,1,4,5,12,,,187,1017,101702,โรงพยาบาลเอกชน
41901,โรงพยาบาลเมดพาร์ค โรงพยาบาลทั่วไปขนาดใหญ่,13.72183,100.557,T7,239,107,316,28,6,21,23,15,,,516,1033,103301,โรงพยาบาลเอกชน
11615,โรงพยาบาลเยาวรักษ์,13.72035,100.475,T7,31,4,10,2,2,,,1,,,19,1015,101505,โรงพยาบาลเอกชน
11469,โรงพยาบาลเลิดสิน,13.72224,100.5174,T6,615,194,540,37,12,8,15,28,,42,876,1004,100402,โรงพยาบาล นอก สป.สธ.
11536,โรงพยาบาลเวชการุณย์รัศมิ์,13.85684,100.859,T62,165,43,104,11,4,9,2,10,1,,184,1003,100301,โรงพยาบาล นอก สธ.
11564,โรงพยาบาลเวชธานี,13.77158,100.6361,T7,263,98,180,22,5,8,49,15,,,377,1006,100601,โรงพยาบาลเอกชน
13757,โรงพยาบาลเวชศาสตร์เขตร้อน มหาวิทยาลัยมหิดล,13.76656,100.5339,T62,89,55,77,7,,2,14,11,,,166,1037,103702,โรงพยาบาล นอก สธ.
23783,โรงพยาบาลเสรีรักษ์,13.81142,100.7171,T7,238,66,215,24,3,12,7,12,,,339,1010,101001,โรงพยาบาลเอกชน
11703,โรงพยาบาลแพทย์ปัญญา,13.74383,100.6076,T7,113,9,30,5,2,4,2,5,,3,60,1034,103401,โรงพยาบาลเอกชน
23560,โรงพยาบาลโรคปอดกรุงเทพ,13.78498,100.5461,T62,0,,,1,,,,,,,1,1014,101401,โรงพยาบาล นอก สธ.
11730,โรงพยาบาลไทยนครินทร์,13.66777,100.6383,T7,190,93,228,31,2,10,8,20,,,392,1047,104702,โรงพยาบาลเอกชน
